amp,shift,freq,ratio,error
1.0472,4.71239,16.0,0.1,0.00034280588849542134
